{
  "n_iters": 15,
  "mc_years_param": 3.0,
  "min_trading_days_rule": 756,
  "full_span_trading_days": 6828,
  "means": {
    "total_return": 8.854720109032751,
    "cagr": 0.2836726261221563,
    "sharpe": 0.7578896711691613,
    "sortino": 1.0223458509797718,
    "mdd": -0.5181362066959452,
    "ulcer": 18.521051738202818,
    "calmar": 0.646379854866424,
    "trading_days": 2077.4666666666667
  },
  "stds": {
    "total_return": 14.483452940997715,
    "cagr": 0.10202005896499806,
    "sharpe": 0.21025730237192145,
    "sortino": 0.3242275317509839,
    "mdd": 0.13968356456737216,
    "ulcer": 5.609422237625389,
    "calmar": 0.4227418390027905,
    "trading_days": 1184.8670128310764
  },
  "medians": {
    "total_return": 3.5528643901331813,
    "cagr": 0.24806056046648317,
    "sharpe": 0.7057962554897631,
    "sortino": 0.9259649729680722,
    "mdd": -0.4845885655567275,
    "ulcer": 21.164877517223065,
    "calmar": 0.48062768727384003,
    "trading_days": 1587.0
  },
  "percentiles": {
    "total_return": {
      "p05": 1.9306702246564844,
      "p25": 2.7210248058600115,
      "p50": 3.5528643901331813,
      "p75": 7.975346087543908,
      "p95": 27.738341414169923
    },
    "cagr": {
      "p05": 0.17530514980146972,
      "p25": 0.20832246448510428,
      "p50": 0.24806056046648317,
      "p75": 0.33751303189186543,
      "p95": 0.4572403411013867
    },
    "sharpe": {
      "p05": 0.5292348588962462,
      "p25": 0.5997092219374185,
      "p50": 0.7057962554897631,
      "p75": 0.8911750422395877,
      "p95": 1.103749758880539
    },
    "sortino": {
      "p05": 0.7219205781309496,
      "p25": 0.7605923971686586,
      "p50": 0.9259649729680722,
      "p75": 1.072878584869355,
      "p95": 1.6048953297566058
    },
    "mdd": {
      "p05": -0.6508638267081747,
      "p25": -0.6508638267081746,
      "p50": -0.4845885655567275,
      "p75": -0.3856197038845639,
      "p95": -0.3306236982350746
    },
    "ulcer": {
      "p05": 10.815796896459384,
      "p25": 13.322210893013441,
      "p50": 21.164877517223065,
      "p75": 22.498188080897428,
      "p95": 25.262441666198296
    },
    "calmar": {
      "p05": 0.26957545877381683,
      "p25": 0.3308633282426593,
      "p50": 0.48062768727384003,
      "p75": 0.8618907855735268,
      "p95": 1.3796845196375456
    },
    "trading_days": {
      "p05": 885.7,
      "p25": 1183.0,
      "p50": 1587.0,
      "p75": 2860.0,
      "p95": 4187.2
    }
  },
  "tickers": {
    "sig": "QQQ",
    "def": "QQQ",
    "nor": "QLD",
    "agg": "TQQQ"
  },
  "trail_stop": 0.85,
  "capital": 100000.0,
  "full_span_dates": [
    "1999-03-10",
    "2026-04-30"
  ],
  "windows_csv_abs": "/Users/vincent/Library/CloudStorage/Dropbox/Do_Money/quant_manager/03_RESULT/sensitivity/fsm_mc_QQQ_QQQ_QLD_TQQQ_19990310_20260430_3yr_n15_seed99_windows.csv"
}