{
  "cut_2017_OOS_vs_QQQ_bh": {
    "merge_bounce_base": {
      "n_iter": 800,
      "block_len": 60,
      "n_obs": 2342,
      "delta_sharpe": {
        "median": 0.533482653070892,
        "p5": 0.22365825737247855,
        "p95": 0.8739488989601171,
        "prob_better": 0.99625,
        "p_value": 0.003750000000000031
      },
      "delta_cagr": {
        "median": 0.33125366477917284,
        "p5": 0.16879034650135646,
        "p95": 0.5322453284990394,
        "prob_better": 1.0,
        "p_value": 0.0
      },
      "delta_sortino": {
        "median": 0.604062319416629,
        "p5": 0.14987632499293044,
        "p95": 1.0943937339034575,
        "prob_better": 0.98875,
        "p_value": 0.011249999999999982
      },
      "delta_calmar": {
        "median": 0.7236398354502995,
        "p5": 0.20613870908713156,
        "p95": 1.6316797583254636,
        "prob_better": 0.98625,
        "p_value": 0.01375000000000004
      },
      "delta_ulcer": {
        "median": 3.3309080230364634,
        "p5": -3.777303609648725,
        "p95": 8.999403542297186,
        "prob_better": 0.17874999999999996,
        "p_value": 0.82125
      }
    },
    "merge_bounce_sticky": {
      "n_iter": 800,
      "block_len": 60,
      "n_obs": 2342,
      "delta_sharpe": {
        "median": 0.46350091457285175,
        "p5": 0.17048936361852005,
        "p95": 0.8098896919629796,
        "prob_better": 0.99625,
        "p_value": 0.003750000000000031
      },
      "delta_cagr": {
        "median": 0.17225087977640108,
        "p5": 0.06787402493094889,
        "p95": 0.30065678635416965,
        "prob_better": 0.99875,
        "p_value": 0.0012499999999999734
      },
      "delta_sortino": {
        "median": 0.5377767575673814,
        "p5": 0.11131667955564588,
        "p95": 1.0357953776773385,
        "prob_better": 0.98,
        "p_value": 0.020000000000000018
      },
      "delta_calmar": {
        "median": 0.6169529717726814,
        "p5": 0.14393136049348343,
        "p95": 1.4207609297963204,
        "prob_better": 0.98625,
        "p_value": 0.01375000000000004
      },
      "delta_ulcer": {
        "median": -0.8865664520692071,
        "p5": -7.764361712616839,
        "p95": 3.051455577628744,
        "prob_better": 0.61875,
        "p_value": 0.38125
      }
    }
  },
  "cut_2020_OOS_vs_QQQ_bh": {
    "merge_bounce_base": {
      "n_iter": 800,
      "block_len": 60,
      "n_obs": 1589,
      "delta_sharpe": {
        "median": 0.5202710447479548,
        "p5": 0.15453410909984755,
        "p95": 0.9297702618675624,
        "prob_better": 0.9925,
        "p_value": 0.007499999999999951
      },
      "delta_cagr": {
        "median": 0.2892985820488906,
        "p5": 0.11804312754196879,
        "p95": 0.5162932210506994,
        "prob_better": 1.0,
        "p_value": 0.0
      },
      "delta_sortino": {
        "median": 0.6519290609232454,
        "p5": 0.12286550741631003,
        "p95": 1.2998891397326906,
        "prob_better": 0.9775,
        "p_value": 0.022499999999999964
      },
      "delta_calmar": {
        "median": 0.7438854171882061,
        "p5": 0.12159771192198006,
        "p95": 2.2077771241425355,
        "prob_better": 0.9825,
        "p_value": 0.01749999999999996
      },
      "delta_ulcer": {
        "median": 1.114250917530737,
        "p5": -7.5954338999661655,
        "p95": 6.838921043647066,
        "prob_better": 0.39249999999999996,
        "p_value": 0.6075
      }
    },
    "merge_bounce_sticky": {
      "n_iter": 800,
      "block_len": 60,
      "n_obs": 1589,
      "delta_sharpe": {
        "median": 0.39337243874165606,
        "p5": 0.07557383430401912,
        "p95": 0.7456248686291709,
        "prob_better": 0.98625,
        "p_value": 0.01375000000000004
      },
      "delta_cagr": {
        "median": 0.12874800468456804,
        "p5": 0.03545526710793291,
        "p95": 0.2509657266239336,
        "prob_better": 0.98625,
        "p_value": 0.01375000000000004
      },
      "delta_sortino": {
        "median": 0.5395716239890204,
        "p5": 0.07398356532094855,
        "p95": 1.0733883061902891,
        "prob_better": 0.9675,
        "p_value": 0.03249999999999997
      },
      "delta_calmar": {
        "median": 0.5350515885575912,
        "p5": 0.0486730693903404,
        "p95": 1.6576763114083124,
        "prob_better": 0.9675,
        "p_value": 0.03249999999999997
      },
      "delta_ulcer": {
        "median": -2.204281978540751,
        "p5": -9.879940986268693,
        "p95": 1.8471284587355168,
        "prob_better": 0.78125,
        "p_value": 0.21875
      }
    }
  }
}